<?xml version="1.0" encoding="UTF-8"?><idempiere Name="GdpDu 1.1.1" Version="1.0.1" idempiereVersion="" DataBaseVersion="" Description="" Author="" AuthorEmail="d-ruiz@bxservice.vom" CreatedDate="2020-03-31 14:35:15.081" UpdatedDate="2020-03-31 14:35:15.081" PackOutVersion="100" UpdateDictionary="false" Client="0-SYSTEM-System" AD_Client_UU="11237b53-9592-4af1-b3c5-afd216514b5d">
    <AD_Menu type="table">
        <SeqNo>15</SeqNo>
        <AD_Client_ID>0</AD_Client_ID>
        <AD_Org_ID>0</AD_Org_ID>
        <Name>GDPdU/GoBD</Name>
        <Description>GDPdU/GoBD Export</Description>
        <Action/>
        <AD_Window_ID reference="id"/>
        <AD_Workflow_ID reference="id"/>
        <AD_Task_ID reference="id"/>
        <IsActive>Y</IsActive>
        <IsSummary>Y</IsSummary>
        <AD_Process_ID reference="id"/>
        <IsSOTrx>N</IsSOTrx>
        <AD_Form_ID reference="id"/>
        <IsReadOnly>N</IsReadOnly>
        <EntityType>U</EntityType>
        <IsCentrallyMaintained>N</IsCentrallyMaintained>
        <AD_Menu_UU>b0092c4a-bc30-471d-a83f-005dfa202ce7</AD_Menu_UU>
        <AD_InfoWindow_ID reference="id"/>
        <AD_Menu_Trl type="translation">
            <Name>PAT_GDPdU</Name>
            <Description>PAT_GDPdU Export</Description>
            <AD_Language>de_DE</AD_Language>
            <IsActive>Y</IsActive>
            <IsTranslated>N</IsTranslated>
        </AD_Menu_Trl>
        <AD_Menu type="table">
            <Parent_ID reference="uuid" reference-key="AD_Menu">b0092c4a-bc30-471d-a83f-005dfa202ce7</Parent_ID>
            <SeqNo>1</SeqNo>
            <AD_Client_ID>0</AD_Client_ID>
            <AD_Org_ID>0</AD_Org_ID>
            <Name>GDPdU/GoBD Export</Name>
            <Description/>
            <Action>W</Action>
            <AD_Window_ID reference="uuid" reference-key="AD_Window">42a61ad6-19bd-4044-a7a2-f021ab1ec3d0</AD_Window_ID>
            <AD_Workflow_ID reference="id"/>
            <AD_Task_ID reference="id"/>
            <IsActive>Y</IsActive>
            <IsSummary>N</IsSummary>
            <AD_Process_ID reference="id"/>
            <IsSOTrx>N</IsSOTrx>
            <AD_Form_ID reference="id"/>
            <IsReadOnly>N</IsReadOnly>
            <EntityType>U</EntityType>
            <IsCentrallyMaintained>Y</IsCentrallyMaintained>
            <AD_Menu_UU>ce30a4d0-3870-4234-9d08-fe5ee7ac26f4</AD_Menu_UU>
            <AD_InfoWindow_ID reference="id"/>
            <AD_Window type="table">
                <AD_Client_ID>0</AD_Client_ID>
                <AD_Org_ID>0</AD_Org_ID>
                <Name>GDPdU/GoBD Export</Name>
                <Description/>
                <Help/>
                <IsActive>Y</IsActive>
                <WindowType>M</WindowType>
                <Processing>N</Processing>
                <AD_Color_ID reference="id"/>
                <AD_Image_ID reference="id"/>
                <EntityType>U</EntityType>
                <IsSOTrx>Y</IsSOTrx>
                <IsDefault>N</IsDefault>
                <WinHeight>0</WinHeight>
                <WinWidth>0</WinWidth>
                <IsBetaFunctionality>N</IsBetaFunctionality>
                <AD_Window_UU>42a61ad6-19bd-4044-a7a2-f021ab1ec3d0</AD_Window_UU>
                <TitleLogic/>
                <AD_Window_Trl type="translation">
                    <Help/>
                    <Name>GDPdU/GoBD Export</Name>
                    <Description/>
                    <AD_Language>de_DE</AD_Language>
                    <IsActive>Y</IsActive>
                    <IsTranslated>N</IsTranslated>
                </AD_Window_Trl>
                <AD_Element type="table">
                    <AD_Client_ID>0</AD_Client_ID>
                    <AD_Org_ID>0</AD_Org_ID>
                    <IsActive>Y</IsActive>
                    <ColumnName>PAT_GDPdU_Export_Def_ID</ColumnName>
                    <Name>Export Definition</Name>
                    <Description/>
                    <Help/>
                    <PrintName>Export Definition</PrintName>
                    <PO_Description/>
                    <PO_Help/>
                    <PO_Name/>
                    <PO_PrintName/>
                    <EntityType>U</EntityType>
                    <AD_Element_UU>522744ed-7c87-4625-938b-8a7af1190989</AD_Element_UU>
                    <Placeholder/>
                    <AD_Element_Trl type="translation">
                        <Help/>
                        <PO_Description/>
                        <PO_Help/>
                        <Name>Export Definition</Name>
                        <Description/>
                        <PrintName>Export Definition</PrintName>
                        <PO_Name/>
                        <PO_PrintName/>
                        <Placeholder/>
                        <AD_Language>de_DE</AD_Language>
                        <IsActive>Y</IsActive>
                        <IsTranslated>N</IsTranslated>
                    </AD_Element_Trl>
                </AD_Element>
                <AD_Element type="table">
                    <AD_Client_ID>0</AD_Client_ID>
                    <AD_Org_ID>0</AD_Org_ID>
                    <IsActive>Y</IsActive>
                    <ColumnName>PAT_GDPdU_ID</ColumnName>
                    <Name>GDPdU/GoBD Export</Name>
                    <Description/>
                    <Help/>
                    <PrintName>GDPdU/GoBD Export</PrintName>
                    <PO_Description/>
                    <PO_Help/>
                    <PO_Name/>
                    <PO_PrintName/>
                    <EntityType>U</EntityType>
                    <AD_Element_UU>d4dbb4d6-8268-4d22-a7e6-a36f11e1cb14</AD_Element_UU>
                    <Placeholder/>
                    <AD_Element_Trl type="translation">
                        <Help/>
                        <PO_Description/>
                        <PO_Help/>
                        <Name>GDPdU/GoBD Export</Name>
                        <Description/>
                        <PrintName>GDPdU/GoBD Export</PrintName>
                        <PO_Name/>
                        <PO_PrintName/>
                        <Placeholder/>
                        <AD_Language>de_DE</AD_Language>
                        <IsActive>Y</IsActive>
                        <IsTranslated>N</IsTranslated>
                    </AD_Element_Trl>
                </AD_Element>
                <AD_Element type="table">
                    <AD_Client_ID>0</AD_Client_ID>
                    <AD_Org_ID>0</AD_Org_ID>
                    <IsActive>Y</IsActive>
                    <ColumnName>PAT_Command</ColumnName>
                    <Name>Command</Name>
                    <Description/>
                    <Help/>
                    <PrintName>Command</PrintName>
                    <PO_Description/>
                    <PO_Help/>
                    <PO_Name/>
                    <PO_PrintName/>
                    <EntityType>U</EntityType>
                    <AD_Element_UU>abb40873-8101-47f9-bbc8-d60e914e52d3</AD_Element_UU>
                    <Placeholder/>
                    <AD_Element_Trl type="translation">
                        <Help/>
                        <PO_Description/>
                        <PO_Help/>
                        <Name>Command</Name>
                        <Description/>
                        <PrintName>Command</PrintName>
                        <PO_Name/>
                        <PO_PrintName/>
                        <Placeholder/>
                        <AD_Language>de_DE</AD_Language>
                        <IsActive>Y</IsActive>
                        <IsTranslated>N</IsTranslated>
                    </AD_Element_Trl>
                </AD_Element>
                <AD_Column type="table">
                    <IsSyncDatabase>Y</IsSyncDatabase>
                    <AD_Table_ID reference="uuid" reference-key="AD_Table">580b16c2-e544-4711-8e3f-9faf741edf4d</AD_Table_ID>
                    <AD_Reference_Value_ID reference="id"/>
                    <AD_Client_ID>0</AD_Client_ID>
                    <AD_Org_ID>0</AD_Org_ID>
                    <Version>0</Version>
                    <Name>Command</Name>
                    <Description/>
                    <Help/>
                    <AD_Val_Rule_ID reference="id"/>
                    <ColumnName>PAT_Command</ColumnName>
                    <DefaultValue/>
                    <FieldLength>100</FieldLength>
                    <IsKey>N</IsKey>
                    <IsParent>N</IsParent>
                    <IsMandatory>N</IsMandatory>
                    <IsTranslated>N</IsTranslated>
                    <IsIdentifier>N</IsIdentifier>
                    <SeqNo>0</SeqNo>
                    <IsEncrypted>N</IsEncrypted>
                    <AD_Reference_ID reference="id">10</AD_Reference_ID>
                    <IsActive>Y</IsActive>
                    <VFormat/>
                    <Callout/>
                    <AD_Element_ID reference="uuid" reference-key="AD_Element">abb40873-8101-47f9-bbc8-d60e914e52d3</AD_Element_ID>
                    <IsUpdateable>Y</IsUpdateable>
                    <AD_Process_ID reference="id"/>
                    <ValueMin/>
                    <ValueMax/>
                    <IsSelectionColumn>N</IsSelectionColumn>
                    <ReadOnlyLogic/>
                    <EntityType>U</EntityType>
                    <IsAlwaysUpdateable>N</IsAlwaysUpdateable>
                    <ColumnSQL/>
                    <MandatoryLogic/>
                    <IsAutocomplete>N</IsAutocomplete>
                    <IsAllowLogging>Y</IsAllowLogging>
                    <FormatPattern/>
                    <AD_Chart_ID reference="id"/>
                    <AD_Column_UU>0a538a45-2e3e-4c6b-9891-75932fe08b0c</AD_Column_UU>
                    <IsAllowCopy>Y</IsAllowCopy>
                    <SeqNoSelection>0</SeqNoSelection>
                    <IsToolbarButton>N</IsToolbarButton>
                    <IsSecure>N</IsSecure>
                    <FKConstraintName/>
                    <FKConstraintType>N</FKConstraintType>
                    <PA_DashboardContent_ID reference="id"/>
                    <Placeholder/>
                    <IsHtml>N</IsHtml>
                </AD_Column>
                <AD_Element type="table">
                    <AD_Client_ID>0</AD_Client_ID>
                    <AD_Org_ID>0</AD_Org_ID>
                    <IsActive>Y</IsActive>
                    <ColumnName>PAT_GetColumns</ColumnName>
                    <Name>Create Fields to Export</Name>
                    <Description/>
                    <Help/>
                    <PrintName>Create Fields to Export</PrintName>
                    <PO_Description/>
                    <PO_Help/>
                    <PO_Name/>
                    <PO_PrintName/>
                    <EntityType>U</EntityType>
                    <AD_Element_UU>e6a49d12-6e14-4635-b95b-37673e93a5db</AD_Element_UU>
                    <Placeholder/>
                    <AD_Element_Trl type="translation">
                        <Help/>
                        <PO_Description/>
                        <PO_Help/>
                        <Name>Create Fields to Export</Name>
                        <Description/>
                        <PrintName>Create Fields to Export</PrintName>
                        <PO_Name/>
                        <PO_PrintName/>
                        <Placeholder/>
                        <AD_Language>de_DE</AD_Language>
                        <IsActive>Y</IsActive>
                        <IsTranslated>N</IsTranslated>
                    </AD_Element_Trl>
                </AD_Element>
                <AD_Process type="table">
                    <AD_Client_ID>0</AD_Client_ID>
                    <AD_Org_ID>0</AD_Org_ID>
                    <IsActive>Y</IsActive>
                    <Name>Create Fields to Export</Name>
                    <Description/>
                    <Help/>
                    <ProcedureName/>
                    <IsReport>N</IsReport>
                    <Value>PAT_GetColumns</Value>
                    <IsDirectPrint>N</IsDirectPrint>
                    <AD_ReportView_ID reference="id"/>
                    <Classname>de.aulerlichtkabel.gdpdu.process.CreateColoumns</Classname>
                    <AccessLevel>3</AccessLevel>
                    <EntityType>U</EntityType>
                    <Statistic_Count>72</Statistic_Count>
                    <Statistic_Seconds>361</Statistic_Seconds>
                    <AD_PrintFormat_ID reference="id"/>
                    <WorkflowValue/>
                    <AD_Workflow_ID reference="id"/>
                    <IsBetaFunctionality>N</IsBetaFunctionality>
                    <IsServerProcess>N</IsServerProcess>
                    <ShowHelp>Y</ShowHelp>
                    <JasperReport/>
                    <AD_Form_ID reference="id"/>
                    <CopyFromProcess>N</CopyFromProcess>
                    <AD_Process_UU>eb34a218-9aec-4638-b2eb-18a13195f9ff</AD_Process_UU>
                    <AD_CtxHelp_ID reference="id"/>
                    <ExecutionType/>
                    <AllowMultipleExecution>P</AllowMultipleExecution>
                    <AD_Process_Trl type="translation">
                        <Help/>
                        <Name>Create Fields to Export</Name>
                        <Description/>
                        <AD_Language>de_DE</AD_Language>
                        <IsActive>Y</IsActive>
                        <IsTranslated>N</IsTranslated>
                    </AD_Process_Trl>
                </AD_Process>
                <AD_Element type="table">
                    <AD_Client_ID>0</AD_Client_ID>
                    <AD_Org_ID>0</AD_Org_ID>
                    <IsActive>Y</IsActive>
                    <ColumnName>Use_AD_Client_ID</ColumnName>
                    <Name>Current Client Only</Name>
                    <Description>Filter the information for the selected client</Description>
                    <Help>In some cases, the information needs to be filtered by system and client, for example, UOM</Help>
                    <PrintName>Current Client Only</PrintName>
                    <PO_Description/>
                    <PO_Help/>
                    <PO_Name/>
                    <PO_PrintName/>
                    <EntityType>U</EntityType>
                    <AD_Element_UU>537f30f4-5344-4773-9111-8930ba373480</AD_Element_UU>
                    <Placeholder/>
                    <AD_Element_Trl type="translation">
                        <Help/>
                        <PO_Description/>
                        <PO_Help/>
                        <Name>Current Client Only</Name>
                        <Description>Filter the information for the selected client</Description>
                        <PrintName>Current Client Only</PrintName>
                        <PO_Name/>
                        <PO_PrintName/>
                        <Placeholder/>
                        <AD_Language>de_DE</AD_Language>
                        <IsActive>Y</IsActive>
                        <IsTranslated>N</IsTranslated>
                    </AD_Element_Trl>
                </AD_Element>
                <AD_Tab type="table">
                    <AD_Client_ID>0</AD_Client_ID>
                    <AD_Org_ID>0</AD_Org_ID>
                    <Name>Export Definition</Name>
                    <Description>This tab defines the table and rules to export the tables</Description>
                    <Help/>
                    <AD_Window_ID reference="uuid" reference-key="AD_Window">42a61ad6-19bd-4044-a7a2-f021ab1ec3d0</AD_Window_ID>
                    <SeqNo>20</SeqNo>
                    <IsSingleRow>Y</IsSingleRow>
                    <AD_Table_ID reference="uuid" reference-key="AD_Table">580b16c2-e544-4711-8e3f-9faf741edf4d</AD_Table_ID>
                    <IsActive>Y</IsActive>
                    <HasTree>N</HasTree>
                    <IsInfoTab>N</IsInfoTab>
                    <IsTranslationTab>N</IsTranslationTab>
                    <IsReadOnly>N</IsReadOnly>
                    <AD_Column_ID reference="uuid" reference-key="AD_Column">ea91b3f9-9bd0-468d-9013-86dc2fb9ea73</AD_Column_ID>
                    <WhereClause/>
                    <OrderByClause/>
                    <CommitWarning/>
                    <AD_Process_ID reference="id"/>
                    <Processing>N</Processing>
                    <AD_Image_ID reference="id"/>
                    <ImportFields>N</ImportFields>
                    <TabLevel>1</TabLevel>
                    <IsSortTab>N</IsSortTab>
                    <AD_ColumnSortYesNo_ID reference="id"/>
                    <AD_ColumnSortOrder_ID reference="id"/>
                    <EntityType>U</EntityType>
                    <Included_Tab_ID reference="id"/>
                    <ReadOnlyLogic/>
                    <DisplayLogic/>
                    <IsInsertRecord>Y</IsInsertRecord>
                    <IsAdvancedTab>N</IsAdvancedTab>
                    <Parent_Column_ID reference="id"/>
                    <AD_Tab_UU>547169ec-6648-44a5-89de-14d3d5589764</AD_Tab_UU>
                    <AD_CtxHelp_ID reference="id"/>
                    <TreeDisplayedOn>B</TreeDisplayedOn>
                    <MaxQueryRecords>0</MaxQueryRecords>
                    <AD_Tab_Trl type="translation">
                        <Help/>
                        <CommitWarning/>
                        <Name>Export Definition</Name>
                        <Description/>
                        <AD_Language>de_DE</AD_Language>
                        <IsActive>Y</IsActive>
                        <IsTranslated>N</IsTranslated>
                    </AD_Tab_Trl>
                </AD_Tab>
                <AD_Element type="table">
                    <AD_Client_ID>0</AD_Client_ID>
                    <AD_Org_ID>0</AD_Org_ID>
                    <IsActive>Y</IsActive>
                    <ColumnName>PAT_GDPdU_Export</ColumnName>
                    <Name>Export GDPdU/GoBD Files</Name>
                    <Description/>
                    <Help/>
                    <PrintName>Export GDPdU/GoBD Files</PrintName>
                    <PO_Description/>
                    <PO_Help/>
                    <PO_Name/>
                    <PO_PrintName/>
                    <EntityType>U</EntityType>
                    <AD_Element_UU>5abb5e48-5ab7-4480-b883-5e3f40cb7a6c</AD_Element_UU>
                    <Placeholder/>
                    <AD_Element_Trl type="translation">
                        <Help/>
                        <PO_Description/>
                        <PO_Help/>
                        <Name>Export GDPdU/GoBD Files</Name>
                        <Description/>
                        <PrintName>Export GDPdU/GoBD Files</PrintName>
                        <PO_Name/>
                        <PO_PrintName/>
                        <Placeholder/>
                        <AD_Language>de_DE</AD_Language>
                        <IsActive>Y</IsActive>
                        <IsTranslated>N</IsTranslated>
                    </AD_Element_Trl>
                </AD_Element>
                <AD_Process type="table">
                    <AD_Client_ID>0</AD_Client_ID>
                    <AD_Org_ID>0</AD_Org_ID>
                    <IsActive>Y</IsActive>
                    <Name>Export GDPdU/GoBD Files</Name>
                    <Description/>
                    <Help/>
                    <ProcedureName/>
                    <IsReport>N</IsReport>
                    <Value>PAT_GDPdU_Export</Value>
                    <IsDirectPrint>N</IsDirectPrint>
                    <AD_ReportView_ID reference="id"/>
                    <Classname>de.aulerlichtkabel.gdpdu.process.GDPdU_Export</Classname>
                    <AccessLevel>3</AccessLevel>
                    <EntityType>U</EntityType>
                    <Statistic_Count>302</Statistic_Count>
                    <Statistic_Seconds>28518</Statistic_Seconds>
                    <AD_PrintFormat_ID reference="id"/>
                    <WorkflowValue/>
                    <AD_Workflow_ID reference="id"/>
                    <IsBetaFunctionality>N</IsBetaFunctionality>
                    <IsServerProcess>N</IsServerProcess>
                    <ShowHelp>Y</ShowHelp>
                    <JasperReport/>
                    <AD_Form_ID reference="id"/>
                    <CopyFromProcess>N</CopyFromProcess>
                    <AD_Process_UU>dc8daec2-9f08-41c5-bffa-23e8618f48cf</AD_Process_UU>
                    <AD_CtxHelp_ID reference="id"/>
                    <ExecutionType/>
                    <AllowMultipleExecution>P</AllowMultipleExecution>
                    <AD_Process_Trl type="translation">
                        <Help/>
                        <Name>GDPdU_Export</Name>
                        <Description/>
                        <AD_Language>de_DE</AD_Language>
                        <IsActive>Y</IsActive>
                        <IsTranslated>N</IsTranslated>
                    </AD_Process_Trl>
                </AD_Process>
                <AD_Tab type="table">
                    <AD_Client_ID>0</AD_Client_ID>
                    <AD_Org_ID>0</AD_Org_ID>
                    <Name>GDPdU/GoBD Export</Name>
                    <Description/>
                    <Help/>
                    <AD_Window_ID reference="uuid" reference-key="AD_Window">42a61ad6-19bd-4044-a7a2-f021ab1ec3d0</AD_Window_ID>
                    <SeqNo>10</SeqNo>
                    <IsSingleRow>Y</IsSingleRow>
                    <AD_Table_ID reference="uuid" reference-key="AD_Table">7c586a55-1c72-4a56-aeaa-824a4f1ea6be</AD_Table_ID>
                    <IsActive>Y</IsActive>
                    <HasTree>N</HasTree>
                    <IsInfoTab>N</IsInfoTab>
                    <IsTranslationTab>N</IsTranslationTab>
                    <IsReadOnly>N</IsReadOnly>
                    <AD_Column_ID reference="id"/>
                    <WhereClause/>
                    <OrderByClause/>
                    <CommitWarning/>
                    <AD_Process_ID reference="id"/>
                    <Processing>N</Processing>
                    <AD_Image_ID reference="id"/>
                    <ImportFields>N</ImportFields>
                    <TabLevel>0</TabLevel>
                    <IsSortTab>N</IsSortTab>
                    <AD_ColumnSortYesNo_ID reference="id"/>
                    <AD_ColumnSortOrder_ID reference="id"/>
                    <EntityType>U</EntityType>
                    <Included_Tab_ID reference="id"/>
                    <ReadOnlyLogic/>
                    <DisplayLogic/>
                    <IsInsertRecord>Y</IsInsertRecord>
                    <IsAdvancedTab>N</IsAdvancedTab>
                    <Parent_Column_ID reference="id"/>
                    <AD_Tab_UU>15ca42b8-6f7f-4aed-969a-d7f52b6a82a4</AD_Tab_UU>
                    <AD_CtxHelp_ID reference="id"/>
                    <TreeDisplayedOn>B</TreeDisplayedOn>
                    <MaxQueryRecords>0</MaxQueryRecords>
                    <AD_Tab_Trl type="translation">
                        <Help/>
                        <CommitWarning/>
                        <Name>GDPdU</Name>
                        <Description/>
                        <AD_Language>de_DE</AD_Language>
                        <IsActive>Y</IsActive>
                        <IsTranslated>N</IsTranslated>
                    </AD_Tab_Trl>
                </AD_Tab>
                <AD_Column type="table">
                    <IsSyncDatabase>Y</IsSyncDatabase>
                    <AD_Table_ID reference="uuid" reference-key="AD_Table">1676373d-1ba4-48b2-9db6-0f3263fc2c14</AD_Table_ID>
                    <AD_Reference_Value_ID reference="id"/>
                    <AD_Client_ID>0</AD_Client_ID>
                    <AD_Org_ID>0</AD_Org_ID>
                    <Version>0</Version>
                    <Name>Sequence</Name>
                    <Description/>
                    <Help/>
                    <AD_Val_Rule_ID reference="id"/>
                    <ColumnName>Sequence</ColumnName>
                    <DefaultValue/>
                    <FieldLength>22</FieldLength>
                    <IsKey>N</IsKey>
                    <IsParent>N</IsParent>
                    <IsMandatory>Y</IsMandatory>
                    <IsTranslated>N</IsTranslated>
                    <IsIdentifier>N</IsIdentifier>
                    <SeqNo>0</SeqNo>
                    <IsEncrypted>N</IsEncrypted>
                    <AD_Reference_ID reference="id">11</AD_Reference_ID>
                    <IsActive>Y</IsActive>
                    <VFormat/>
                    <Callout/>
                    <AD_Element_ID reference="id">52016</AD_Element_ID>
                    <IsUpdateable>Y</IsUpdateable>
                    <AD_Process_ID reference="id"/>
                    <ValueMin/>
                    <ValueMax/>
                    <IsSelectionColumn>N</IsSelectionColumn>
                    <ReadOnlyLogic/>
                    <EntityType>U</EntityType>
                    <IsAlwaysUpdateable>Y</IsAlwaysUpdateable>
                    <ColumnSQL/>
                    <MandatoryLogic/>
                    <IsAutocomplete>N</IsAutocomplete>
                    <IsAllowLogging>Y</IsAllowLogging>
                    <FormatPattern/>
                    <AD_Chart_ID reference="id"/>
                    <AD_Column_UU>bbef29e2-31a8-4e1f-a443-3a92b89f9c61</AD_Column_UU>
                    <IsAllowCopy>Y</IsAllowCopy>
                    <SeqNoSelection>0</SeqNoSelection>
                    <IsToolbarButton>N</IsToolbarButton>
                    <IsSecure>N</IsSecure>
                    <FKConstraintName/>
                    <FKConstraintType/>
                    <PA_DashboardContent_ID reference="id"/>
                    <Placeholder/>
                    <IsHtml>N</IsHtml>
                </AD_Column>
                <AD_Tab type="table">
                    <AD_Client_ID>0</AD_Client_ID>
                    <AD_Org_ID>0</AD_Org_ID>
                    <Name>Export Fields</Name>
                    <Description>Define the columns that will be exported in the files</Description>
                    <Help/>
                    <AD_Window_ID reference="uuid" reference-key="AD_Window">42a61ad6-19bd-4044-a7a2-f021ab1ec3d0</AD_Window_ID>
                    <SeqNo>30</SeqNo>
                    <IsSingleRow>Y</IsSingleRow>
                    <AD_Table_ID reference="uuid" reference-key="AD_Table">1676373d-1ba4-48b2-9db6-0f3263fc2c14</AD_Table_ID>
                    <IsActive>Y</IsActive>
                    <HasTree>N</HasTree>
                    <IsInfoTab>N</IsInfoTab>
                    <IsTranslationTab>N</IsTranslationTab>
                    <IsReadOnly>N</IsReadOnly>
                    <AD_Column_ID reference="uuid" reference-key="AD_Column">c5eda0d2-7c8f-41c6-8d12-7900fe1b6bb3</AD_Column_ID>
                    <WhereClause/>
                    <OrderByClause>Sequence</OrderByClause>
                    <CommitWarning/>
                    <AD_Process_ID reference="id"/>
                    <Processing>N</Processing>
                    <AD_Image_ID reference="id"/>
                    <ImportFields>N</ImportFields>
                    <TabLevel>2</TabLevel>
                    <IsSortTab>N</IsSortTab>
                    <AD_ColumnSortYesNo_ID reference="id"/>
                    <AD_ColumnSortOrder_ID reference="id"/>
                    <EntityType>U</EntityType>
                    <Included_Tab_ID reference="id"/>
                    <ReadOnlyLogic/>
                    <DisplayLogic/>
                    <IsInsertRecord>Y</IsInsertRecord>
                    <IsAdvancedTab>N</IsAdvancedTab>
                    <Parent_Column_ID reference="id"/>
                    <AD_Tab_UU>0701f403-78d1-4a6b-af84-7894892295e9</AD_Tab_UU>
                    <AD_CtxHelp_ID reference="id"/>
                    <TreeDisplayedOn>B</TreeDisplayedOn>
                    <MaxQueryRecords>0</MaxQueryRecords>
                    <AD_Tab_Trl type="translation">
                        <Help/>
                        <CommitWarning/>
                        <Name>Export Fields</Name>
                        <Description/>
                        <AD_Language>de_DE</AD_Language>
                        <IsActive>Y</IsActive>
                        <IsTranslated>N</IsTranslated>
                    </AD_Tab_Trl>
                    <AD_Field type="table">
                        <AD_Client_ID>0</AD_Client_ID>
                        <AD_Org_ID>0</AD_Org_ID>
                        <Name>MapTo</Name>
                        <Description/>
                        <Help/>
                        <AD_Tab_ID reference="uuid" reference-key="AD_Tab">0701f403-78d1-4a6b-af84-7894892295e9</AD_Tab_ID>
                        <AD_Column_ID reference="uuid" reference-key="AD_Column">900fbf33-73d5-467c-87d7-3f46da8b42b9</AD_Column_ID>
                        <IsDisplayed>N</IsDisplayed>
                        <DisplayLogic/>
                        <DisplayLength>20</DisplayLength>
                        <SeqNo>0</SeqNo>
                        <SortNo/>
                        <IsSameLine>N</IsSameLine>
                        <IsHeading>N</IsHeading>
                        <IsFieldOnly>N</IsFieldOnly>
                        <IsEncrypted>N</IsEncrypted>
                        <IsActive>Y</IsActive>
                        <IsReadOnly>N</IsReadOnly>
                        <IsCentrallyMaintained>Y</IsCentrallyMaintained>
                        <AD_FieldGroup_ID reference="id"/>
                        <EntityType>U</EntityType>
                        <ObscureType/>
                        <AD_Reference_ID reference="id"/>
                        <IsMandatory/>
                        <DefaultValue/>
                        <AD_Reference_Value_ID reference="id"/>
                        <AD_Val_Rule_ID reference="id"/>
                        <Included_Tab_ID reference="id"/>
                        <AD_Field_UU>556a3790-2bc5-40cd-adb2-99c1edd914cc</AD_Field_UU>
                        <IsAllowCopy/>
                        <IsDisplayedGrid>N</IsDisplayedGrid>
                        <SeqNoGrid>110</SeqNoGrid>
                        <XPosition>1</XPosition>
                        <ColumnSpan>2</ColumnSpan>
                        <NumLines>1</NumLines>
                        <IsQuickEntry>N</IsQuickEntry>
                        <IsUpdateable/>
                        <IsAlwaysUpdateable/>
                        <MandatoryLogic/>
                        <ReadOnlyLogic/>
                        <IsToolbarButton/>
                        <IsDefaultFocus>N</IsDefaultFocus>
                        <IsAdvancedField>N</IsAdvancedField>
                        <VFormat/>
                        <AD_LabelStyle_ID reference="id"/>
                        <AD_FieldStyle_ID reference="id"/>
                        <Placeholder/>
                        <AD_Field_Trl type="translation">
                            <Help/>
                            <Description/>
                            <Name>MapTo</Name>
                            <Placeholder/>
                            <AD_Language>de_DE</AD_Language>
                            <IsActive>Y</IsActive>
                            <IsTranslated>N</IsTranslated>
                        </AD_Field_Trl>
                    </AD_Field>
                    <AD_Field type="table">
                        <AD_Client_ID>0</AD_Client_ID>
                        <AD_Org_ID>0</AD_Org_ID>
                        <Name>Client</Name>
                        <Description>Client/Tenant for this installation.</Description>
                        <Help>A Client is a company or a legal entity. You cannot share data between Clients. Tenant is a synonym for Client.</Help>
                        <AD_Tab_ID reference="uuid" reference-key="AD_Tab">0701f403-78d1-4a6b-af84-7894892295e9</AD_Tab_ID>
                        <AD_Column_ID reference="uuid" reference-key="AD_Column">fcc9a159-e90b-49db-aafb-bd8471c42899</AD_Column_ID>
                        <IsDisplayed>Y</IsDisplayed>
                        <DisplayLogic/>
                        <DisplayLength>22</DisplayLength>
                        <SeqNo>10</SeqNo>
                        <SortNo/>
                        <IsSameLine>N</IsSameLine>
                        <IsHeading>N</IsHeading>
                        <IsFieldOnly>N</IsFieldOnly>
                        <IsEncrypted>N</IsEncrypted>
                        <IsActive>Y</IsActive>
                        <IsReadOnly>N</IsReadOnly>
                        <IsCentrallyMaintained>Y</IsCentrallyMaintained>
                        <AD_FieldGroup_ID reference="id"/>
                        <EntityType>U</EntityType>
                        <ObscureType/>
                        <AD_Reference_ID reference="id"/>
                        <IsMandatory/>
                        <DefaultValue/>
                        <AD_Reference_Value_ID reference="id"/>
                        <AD_Val_Rule_ID reference="id"/>
                        <Included_Tab_ID reference="id"/>
                        <AD_Field_UU>e3e16fe9-be1d-4f92-8914-2efd0113d98a</AD_Field_UU>
                        <IsAllowCopy/>
                        <IsDisplayedGrid>N</IsDisplayedGrid>
                        <SeqNoGrid/>
                        <XPosition>1</XPosition>
                        <ColumnSpan>2</ColumnSpan>
                        <NumLines>1</NumLines>
                        <IsQuickEntry>N</IsQuickEntry>
                        <IsUpdateable/>
                        <IsAlwaysUpdateable/>
                        <MandatoryLogic/>
                        <ReadOnlyLogic/>
                        <IsToolbarButton/>
                        <IsDefaultFocus>N</IsDefaultFocus>
                        <IsAdvancedField>N</IsAdvancedField>
                        <VFormat/>
                        <AD_LabelStyle_ID reference="id"/>
                        <AD_FieldStyle_ID reference="id"/>
                        <Placeholder/>
                        <AD_Field_Trl type="translation">
                            <Help>Ein "Mandant" ist eine Firma oder eine juristische Person.  Mandanten können keine Daten teilen/nicht gemeinsam auf Daten zugreifen.</Help>
                            <Description>Mandant für diese Installation</Description>
                            <Name>Mandant</Name>
                            <Placeholder/>
                            <AD_Language>de_DE</AD_Language>
                            <IsActive>Y</IsActive>
                            <IsTranslated>Y</IsTranslated>
                        </AD_Field_Trl>
                    </AD_Field>
                    <AD_Field type="table">
                        <AD_Client_ID>0</AD_Client_ID>
                        <AD_Org_ID>0</AD_Org_ID>
                        <Name>Organization</Name>
                        <Description>Organizational entity within client</Description>
                        <Help>An organization is a unit of your client or legal entity - examples are store, department. You can share data between organizations.</Help>
                        <AD_Tab_ID reference="uuid" reference-key="AD_Tab">0701f403-78d1-4a6b-af84-7894892295e9</AD_Tab_ID>
                        <AD_Column_ID reference="uuid" reference-key="AD_Column">4374cade-e2c6-4247-ab6b-ab83fedc2e22</AD_Column_ID>
                        <IsDisplayed>Y</IsDisplayed>
                        <DisplayLogic/>
                        <DisplayLength>22</DisplayLength>
                        <SeqNo>20</SeqNo>
                        <SortNo/>
                        <IsSameLine>N</IsSameLine>
                        <IsHeading>N</IsHeading>
                        <IsFieldOnly>N</IsFieldOnly>
                        <IsEncrypted>N</IsEncrypted>
                        <IsActive>Y</IsActive>
                        <IsReadOnly>N</IsReadOnly>
                        <IsCentrallyMaintained>Y</IsCentrallyMaintained>
                        <AD_FieldGroup_ID reference="id"/>
                        <EntityType>U</EntityType>
                        <ObscureType/>
                        <AD_Reference_ID reference="id"/>
                        <IsMandatory/>
                        <DefaultValue/>
                        <AD_Reference_Value_ID reference="id"/>
                        <AD_Val_Rule_ID reference="id"/>
                        <Included_Tab_ID reference="id"/>
                        <AD_Field_UU>3d02b891-a297-4b6b-a96c-f6751292d3e2</AD_Field_UU>
                        <IsAllowCopy>Y</IsAllowCopy>
                        <IsDisplayedGrid>Y</IsDisplayedGrid>
                        <SeqNoGrid>10</SeqNoGrid>
                        <XPosition>4</XPosition>
                        <ColumnSpan>2</ColumnSpan>
                        <NumLines>1</NumLines>
                        <IsQuickEntry>N</IsQuickEntry>
                        <IsUpdateable/>
                        <IsAlwaysUpdateable/>
                        <MandatoryLogic/>
                        <ReadOnlyLogic/>
                        <IsToolbarButton/>
                        <IsDefaultFocus>N</IsDefaultFocus>
                        <IsAdvancedField>N</IsAdvancedField>
                        <VFormat/>
                        <AD_LabelStyle_ID reference="id"/>
                        <AD_FieldStyle_ID reference="id"/>
                        <Placeholder/>
                        <AD_Field_Trl type="translation">
                            <Help>Eine "Organisation" ist die Geschäftseinheit eines Mandanten oder eine juristische Person, z.B. ein Geschäft oder eine Abteilung. Organisationen können gemeinsam auf Daten zugreifen, bzw. die Daten gemeinsam verwenden.</Help>
                            <Description>Organisatorische Einheit innerhalb des Mandanten</Description>
                            <Name>Organisation</Name>
                            <Placeholder/>
                            <AD_Language>de_DE</AD_Language>
                            <IsActive>Y</IsActive>
                            <IsTranslated>Y</IsTranslated>
                        </AD_Field_Trl>
                    </AD_Field>
                    <AD_Field type="table">
                        <AD_Client_ID>0</AD_Client_ID>
                        <AD_Org_ID>0</AD_Org_ID>
                        <Name>Sequence</Name>
                        <Description/>
                        <Help/>
                        <AD_Tab_ID reference="uuid" reference-key="AD_Tab">0701f403-78d1-4a6b-af84-7894892295e9</AD_Tab_ID>
                        <AD_Column_ID reference="uuid" reference-key="AD_Column">bbef29e2-31a8-4e1f-a443-3a92b89f9c61</AD_Column_ID>
                        <IsDisplayed>Y</IsDisplayed>
                        <DisplayLogic/>
                        <DisplayLength>22</DisplayLength>
                        <SeqNo>30</SeqNo>
                        <SortNo/>
                        <IsSameLine>N</IsSameLine>
                        <IsHeading>N</IsHeading>
                        <IsFieldOnly>N</IsFieldOnly>
                        <IsEncrypted>N</IsEncrypted>
                        <IsActive>Y</IsActive>
                        <IsReadOnly>N</IsReadOnly>
                        <IsCentrallyMaintained>Y</IsCentrallyMaintained>
                        <AD_FieldGroup_ID reference="id"/>
                        <EntityType>U</EntityType>
                        <ObscureType/>
                        <AD_Reference_ID reference="id"/>
                        <IsMandatory/>
                        <DefaultValue/>
                        <AD_Reference_Value_ID reference="id"/>
                        <AD_Val_Rule_ID reference="id"/>
                        <Included_Tab_ID reference="id"/>
                        <AD_Field_UU>3f06847d-42b6-41b7-8c22-ac072b193e74</AD_Field_UU>
                        <IsAllowCopy/>
                        <IsDisplayedGrid>Y</IsDisplayedGrid>
                        <SeqNoGrid>120</SeqNoGrid>
                        <XPosition>1</XPosition>
                        <ColumnSpan>2</ColumnSpan>
                        <NumLines>1</NumLines>
                        <IsQuickEntry>N</IsQuickEntry>
                        <IsUpdateable/>
                        <IsAlwaysUpdateable/>
                        <MandatoryLogic/>
                        <ReadOnlyLogic/>
                        <IsToolbarButton/>
                        <IsDefaultFocus>N</IsDefaultFocus>
                        <IsAdvancedField>N</IsAdvancedField>
                        <VFormat/>
                        <AD_LabelStyle_ID reference="id"/>
                        <AD_FieldStyle_ID reference="id"/>
                        <Placeholder/>
                        <AD_Field_Trl type="translation">
                            <Help/>
                            <Description/>
                            <Name>Reihenfolge</Name>
                            <Placeholder/>
                            <AD_Language>de_DE</AD_Language>
                            <IsActive>Y</IsActive>
                            <IsTranslated>Y</IsTranslated>
                        </AD_Field_Trl>
                    </AD_Field>
                    <AD_Field type="table">
                        <AD_Client_ID>0</AD_Client_ID>
                        <AD_Org_ID>0</AD_Org_ID>
                        <Name>Search Key</Name>
                        <Description>Search key for the record in the format required - must be unique</Description>
                        <Help>A search key allows you a fast method of finding a particular record.
If you leave the search key empty, the system automatically creates a numeric number.  The document sequence used for this fallback number is defined in the "Maintain Sequence" window with the name "DocumentNo_&lt;TableName&gt;", where TableName is the actual name of the table (e.g. C_Order).</Help>
                        <AD_Tab_ID reference="uuid" reference-key="AD_Tab">0701f403-78d1-4a6b-af84-7894892295e9</AD_Tab_ID>
                        <AD_Column_ID reference="uuid" reference-key="AD_Column">7ee78866-e907-4b6d-afe7-1c940962d200</AD_Column_ID>
                        <IsDisplayed>Y</IsDisplayed>
                        <DisplayLogic/>
                        <DisplayLength>40</DisplayLength>
                        <SeqNo>40</SeqNo>
                        <SortNo/>
                        <IsSameLine>N</IsSameLine>
                        <IsHeading>N</IsHeading>
                        <IsFieldOnly>N</IsFieldOnly>
                        <IsEncrypted>N</IsEncrypted>
                        <IsActive>Y</IsActive>
                        <IsReadOnly>N</IsReadOnly>
                        <IsCentrallyMaintained>Y</IsCentrallyMaintained>
                        <AD_FieldGroup_ID reference="id"/>
                        <EntityType>U</EntityType>
                        <ObscureType/>
                        <AD_Reference_ID reference="id"/>
                        <IsMandatory/>
                        <DefaultValue/>
                        <AD_Reference_Value_ID reference="id"/>
                        <AD_Val_Rule_ID reference="id"/>
                        <Included_Tab_ID reference="id"/>
                        <AD_Field_UU>bd7a1e66-899b-4920-b721-361fbe1f8495</AD_Field_UU>
                        <IsAllowCopy/>
                        <IsDisplayedGrid>Y</IsDisplayedGrid>
                        <SeqNoGrid>20</SeqNoGrid>
                        <XPosition>1</XPosition>
                        <ColumnSpan>2</ColumnSpan>
                        <NumLines>1</NumLines>
                        <IsQuickEntry>N</IsQuickEntry>
                        <IsUpdateable/>
                        <IsAlwaysUpdateable/>
                        <MandatoryLogic/>
                        <ReadOnlyLogic/>
                        <IsToolbarButton/>
                        <IsDefaultFocus>N</IsDefaultFocus>
                        <IsAdvancedField>N</IsAdvancedField>
                        <VFormat/>
                        <AD_LabelStyle_ID reference="id"/>
                        <AD_FieldStyle_ID reference="id"/>
                        <Placeholder/>
                        <AD_Field_Trl type="translation">
                            <Help>Eine Satznummer als Suchschlüssel ermöglicht eine schnelle Methode einen bestimmten Datensatz zu finden. Falls keine Satznummer angegeben wird, erzeugt das System automatisch einen numerischen Wert. Der für diese Systemnummer verwendete Nummernkreis wird im Fenster "Nummerkreis verwalten" mit dem Namen "DocumentNo_&lt;TableName&gt;" angegeben, wobei TableName dem tatsächlichen Namen der Tabelle entspricht (z.B. C_Order).</Help>
                            <Description>Satznummer für den Datensatz im erforderlichen Format - muss eindeutig sein</Description>
                            <Name>Satznummer</Name>
                            <Placeholder/>
                            <AD_Language>de_DE</AD_Language>
                            <IsActive>Y</IsActive>
                            <IsTranslated>Y</IsTranslated>
                        </AD_Field_Trl>
                    </AD_Field>
                    <AD_Field type="table">
                        <AD_Client_ID>0</AD_Client_ID>
                        <AD_Org_ID>0</AD_Org_ID>
                        <Name>Active</Name>
                        <Description>The record is active in the system</Description>
                        <Help>There are two methods of making records unavailable in the system: One is to delete the record, the other is to de-activate the record. A de-activated record is not available for selection, but available for reports.
There are two reasons for de-activating and not deleting records:
(1) The system requires the record for audit purposes.
(2) The record is referenced by other records. E.g., you cannot delete a Business Partner, if there are invoices for this partner record existing. You de-activate the Business Partner and prevent that this record is used for future entries.</Help>
                        <AD_Tab_ID reference="uuid" reference-key="AD_Tab">0701f403-78d1-4a6b-af84-7894892295e9</AD_Tab_ID>
                        <AD_Column_ID reference="uuid" reference-key="AD_Column">3019b334-fb3d-46f1-9cac-1a7433d68016</AD_Column_ID>
                        <IsDisplayed>Y</IsDisplayed>
                        <DisplayLogic/>
                        <DisplayLength>1</DisplayLength>
                        <SeqNo>50</SeqNo>
                        <SortNo/>
                        <IsSameLine>N</IsSameLine>
                        <IsHeading>N</IsHeading>
                        <IsFieldOnly>N</IsFieldOnly>
                        <IsEncrypted>N</IsEncrypted>
                        <IsActive>Y</IsActive>
                        <IsReadOnly>N</IsReadOnly>
                        <IsCentrallyMaintained>Y</IsCentrallyMaintained>
                        <AD_FieldGroup_ID reference="id"/>
                        <EntityType>U</EntityType>
                        <ObscureType/>
                        <AD_Reference_ID reference="id"/>
                        <IsMandatory/>
                        <DefaultValue/>
                        <AD_Reference_Value_ID reference="id"/>
                        <AD_Val_Rule_ID reference="id"/>
                        <Included_Tab_ID reference="id"/>
                        <AD_Field_UU>e1d1be53-7b5f-4c4d-aa9d-abcdedc6c21b</AD_Field_UU>
                        <IsAllowCopy/>
                        <IsDisplayedGrid>Y</IsDisplayedGrid>
                        <SeqNoGrid>70</SeqNoGrid>
                        <XPosition>5</XPosition>
                        <ColumnSpan>2</ColumnSpan>
                        <NumLines>1</NumLines>
                        <IsQuickEntry>N</IsQuickEntry>
                        <IsUpdateable/>
                        <IsAlwaysUpdateable/>
                        <MandatoryLogic/>
                        <ReadOnlyLogic/>
                        <IsToolbarButton/>
                        <IsDefaultFocus>N</IsDefaultFocus>
                        <IsAdvancedField>N</IsAdvancedField>
                        <VFormat/>
                        <AD_LabelStyle_ID reference="id"/>
                        <AD_FieldStyle_ID reference="id"/>
                        <Placeholder/>
                        <AD_Field_Trl type="translation">
                            <Help>Es gibt zwei Methoden um Datensätze im System zu sperren: Eine Methode ist den Datensatz zu löschen. die andere ist es den Datensatz zu deaktivieren. Ein deaktivierter Datensatz kann nicht mehr ausgewählt werden, steht aber weiterhin in Berichten zur Verfügung. Es gibt zwei Gründe dafür einen Datensatz zu deaktivieren und nicht zu löschen: (1) Das System benötigt den Datensatz für Audits (2) Der Datensatz wird von anderen Datensätzen referenziert. Es ist z.B. nicht möglich einen Geschäftspartner zu löschen, wenn zu diesen Geschäftspartner Rechnungen vorliegen. In diesem Fall wird der Geschäftspartner deaktiviert und kann nicht mehr für zukünftige Vorgänge verwendet werden.</Help>
                            <Description>Der Datensatz ist im System aktiv</Description>
                            <Name>Aktiv</Name>
                            <Placeholder/>
                            <AD_Language>de_DE</AD_Language>
                            <IsActive>Y</IsActive>
                            <IsTranslated>Y</IsTranslated>
                        </AD_Field_Trl>
                    </AD_Field>
                    <AD_Field type="table">
                        <AD_Client_ID>0</AD_Client_ID>
                        <AD_Org_ID>0</AD_Org_ID>
                        <Name>Description</Name>
                        <Description>Optional short description of the record</Description>
                        <Help>A description is limited to 255 characters.</Help>
                        <AD_Tab_ID reference="uuid" reference-key="AD_Tab">0701f403-78d1-4a6b-af84-7894892295e9</AD_Tab_ID>
                        <AD_Column_ID reference="uuid" reference-key="AD_Column">ae23a6d8-4e73-491c-b413-165cb8398dec</AD_Column_ID>
                        <IsDisplayed>Y</IsDisplayed>
                        <DisplayLogic/>
                        <DisplayLength>255</DisplayLength>
                        <SeqNo>60</SeqNo>
                        <SortNo/>
                        <IsSameLine>N</IsSameLine>
                        <IsHeading>N</IsHeading>
                        <IsFieldOnly>N</IsFieldOnly>
                        <IsEncrypted>N</IsEncrypted>
                        <IsActive>Y</IsActive>
                        <IsReadOnly>N</IsReadOnly>
                        <IsCentrallyMaintained>Y</IsCentrallyMaintained>
                        <AD_FieldGroup_ID reference="id"/>
                        <EntityType>U</EntityType>
                        <ObscureType/>
                        <AD_Reference_ID reference="id"/>
                        <IsMandatory/>
                        <DefaultValue/>
                        <AD_Reference_Value_ID reference="id"/>
                        <AD_Val_Rule_ID reference="id"/>
                        <Included_Tab_ID reference="id"/>
                        <AD_Field_UU>a7f62eda-7c42-48ef-b936-8a15b8215626</AD_Field_UU>
                        <IsAllowCopy/>
                        <IsDisplayedGrid>Y</IsDisplayedGrid>
                        <SeqNoGrid>30</SeqNoGrid>
                        <XPosition>1</XPosition>
                        <ColumnSpan>5</ColumnSpan>
                        <NumLines>1</NumLines>
                        <IsQuickEntry>N</IsQuickEntry>
                        <IsUpdateable/>
                        <IsAlwaysUpdateable/>
                        <MandatoryLogic/>
                        <ReadOnlyLogic/>
                        <IsToolbarButton/>
                        <IsDefaultFocus>N</IsDefaultFocus>
                        <IsAdvancedField>N</IsAdvancedField>
                        <VFormat/>
                        <AD_LabelStyle_ID reference="id"/>
                        <AD_FieldStyle_ID reference="id"/>
                        <Placeholder/>
                        <AD_Field_Trl type="translation">
                            <Help>Eine Beschreibung ist auf 255 Zeichen begrenzt.</Help>
                            <Description>Optionale Kurzbeschreibung des Datensatzes</Description>
                            <Name>Beschreibung</Name>
                            <Placeholder/>
                            <AD_Language>de_DE</AD_Language>
                            <IsActive>Y</IsActive>
                            <IsTranslated>Y</IsTranslated>
                        </AD_Field_Trl>
                    </AD_Field>
                    <AD_Field type="table">
                        <AD_Client_ID>0</AD_Client_ID>
                        <AD_Org_ID>0</AD_Org_ID>
                        <Name>Table</Name>
                        <Description>Database Table information</Description>
                        <Help>The Database Table provides the information of the table definition</Help>
                        <AD_Tab_ID reference="uuid" reference-key="AD_Tab">0701f403-78d1-4a6b-af84-7894892295e9</AD_Tab_ID>
                        <AD_Column_ID reference="uuid" reference-key="AD_Column">16e3fb79-5c90-4f46-a2d2-9a18ec765cb0</AD_Column_ID>
                        <IsDisplayed>Y</IsDisplayed>
                        <DisplayLogic/>
                        <DisplayLength>10</DisplayLength>
                        <SeqNo>70</SeqNo>
                        <SortNo/>
                        <IsSameLine>N</IsSameLine>
                        <IsHeading>N</IsHeading>
                        <IsFieldOnly>N</IsFieldOnly>
                        <IsEncrypted>N</IsEncrypted>
                        <IsActive>Y</IsActive>
                        <IsReadOnly>Y</IsReadOnly>
                        <IsCentrallyMaintained>Y</IsCentrallyMaintained>
                        <AD_FieldGroup_ID reference="id"/>
                        <EntityType>U</EntityType>
                        <ObscureType/>
                        <AD_Reference_ID reference="id"/>
                        <IsMandatory/>
                        <DefaultValue/>
                        <AD_Reference_Value_ID reference="id"/>
                        <AD_Val_Rule_ID reference="id"/>
                        <Included_Tab_ID reference="id"/>
                        <AD_Field_UU>9b172496-13c3-44d2-b81c-901a4db48e91</AD_Field_UU>
                        <IsAllowCopy/>
                        <IsDisplayedGrid>Y</IsDisplayedGrid>
                        <SeqNoGrid>50</SeqNoGrid>
                        <XPosition>1</XPosition>
                        <ColumnSpan>2</ColumnSpan>
                        <NumLines>1</NumLines>
                        <IsQuickEntry>N</IsQuickEntry>
                        <IsUpdateable/>
                        <IsAlwaysUpdateable/>
                        <MandatoryLogic/>
                        <ReadOnlyLogic/>
                        <IsToolbarButton/>
                        <IsDefaultFocus>N</IsDefaultFocus>
                        <IsAdvancedField>N</IsAdvancedField>
                        <VFormat/>
                        <AD_LabelStyle_ID reference="id"/>
                        <AD_FieldStyle_ID reference="id"/>
                        <Placeholder/>
                        <AD_Field_Trl type="translation">
                            <Help>Die Datenbanktabelle liefert die Informationen der Tabellendefinition</Help>
                            <Description>Tabelle für die Felder</Description>
                            <Name>Tabelle</Name>
                            <Placeholder/>
                            <AD_Language>de_DE</AD_Language>
                            <IsActive>Y</IsActive>
                            <IsTranslated>Y</IsTranslated>
                        </AD_Field_Trl>
                    </AD_Field>
                    <AD_Field type="table">
                        <AD_Client_ID>0</AD_Client_ID>
                        <AD_Org_ID>0</AD_Org_ID>
                        <Name>Column</Name>
                        <Description>Column in the table</Description>
                        <Help>Link to the database column of the table</Help>
                        <AD_Tab_ID reference="uuid" reference-key="AD_Tab">0701f403-78d1-4a6b-af84-7894892295e9</AD_Tab_ID>
                        <AD_Column_ID reference="uuid" reference-key="AD_Column">fefa7828-34c4-423e-ac27-ecb6470c1ea6</AD_Column_ID>
                        <IsDisplayed>Y</IsDisplayed>
                        <DisplayLogic/>
                        <DisplayLength>22</DisplayLength>
                        <SeqNo>80</SeqNo>
                        <SortNo/>
                        <IsSameLine>N</IsSameLine>
                        <IsHeading>N</IsHeading>
                        <IsFieldOnly>N</IsFieldOnly>
                        <IsEncrypted>N</IsEncrypted>
                        <IsActive>Y</IsActive>
                        <IsReadOnly>N</IsReadOnly>
                        <IsCentrallyMaintained>Y</IsCentrallyMaintained>
                        <AD_FieldGroup_ID reference="id"/>
                        <EntityType>U</EntityType>
                        <ObscureType/>
                        <AD_Reference_ID reference="id"/>
                        <IsMandatory/>
                        <DefaultValue/>
                        <AD_Reference_Value_ID reference="id"/>
                        <AD_Val_Rule_ID reference="id"/>
                        <Included_Tab_ID reference="id"/>
                        <AD_Field_UU>4e026c92-8b23-4d48-bcdb-cd2dfc7baacd</AD_Field_UU>
                        <IsAllowCopy/>
                        <IsDisplayedGrid>Y</IsDisplayedGrid>
                        <SeqNoGrid>100</SeqNoGrid>
                        <XPosition>4</XPosition>
                        <ColumnSpan>2</ColumnSpan>
                        <NumLines>1</NumLines>
                        <IsQuickEntry>N</IsQuickEntry>
                        <IsUpdateable/>
                        <IsAlwaysUpdateable/>
                        <MandatoryLogic/>
                        <ReadOnlyLogic/>
                        <IsToolbarButton/>
                        <IsDefaultFocus>N</IsDefaultFocus>
                        <IsAdvancedField>N</IsAdvancedField>
                        <VFormat/>
                        <AD_LabelStyle_ID reference="id"/>
                        <AD_FieldStyle_ID reference="id"/>
                        <Placeholder/>
                        <AD_Field_Trl type="translation">
                            <Help>Verbindung zur Spalte einer Tabelle</Help>
                            <Description>Spalte in der Tabelle</Description>
                            <Name>Spalte</Name>
                            <Placeholder/>
                            <AD_Language>de_DE</AD_Language>
                            <IsActive>Y</IsActive>
                            <IsTranslated>Y</IsTranslated>
                        </AD_Field_Trl>
                    </AD_Field>
                    <AD_Field type="table">
                        <AD_Client_ID>0</AD_Client_ID>
                        <AD_Org_ID>0</AD_Org_ID>
                        <Name>Comment/Help</Name>
                        <Description>Comment or Hint</Description>
                        <Help>The Help field contains a hint, comment or help about the use of this item.</Help>
                        <AD_Tab_ID reference="uuid" reference-key="AD_Tab">0701f403-78d1-4a6b-af84-7894892295e9</AD_Tab_ID>
                        <AD_Column_ID reference="uuid" reference-key="AD_Column">7b45ef07-d560-4cde-a3d6-bf71ce9e109c</AD_Column_ID>
                        <IsDisplayed>Y</IsDisplayed>
                        <DisplayLogic/>
                        <DisplayLength>2000</DisplayLength>
                        <SeqNo>90</SeqNo>
                        <SortNo/>
                        <IsSameLine>N</IsSameLine>
                        <IsHeading>N</IsHeading>
                        <IsFieldOnly>N</IsFieldOnly>
                        <IsEncrypted>N</IsEncrypted>
                        <IsActive>Y</IsActive>
                        <IsReadOnly>N</IsReadOnly>
                        <IsCentrallyMaintained>Y</IsCentrallyMaintained>
                        <AD_FieldGroup_ID reference="id"/>
                        <EntityType>U</EntityType>
                        <ObscureType/>
                        <AD_Reference_ID reference="id"/>
                        <IsMandatory/>
                        <DefaultValue/>
                        <AD_Reference_Value_ID reference="id"/>
                        <AD_Val_Rule_ID reference="id"/>
                        <Included_Tab_ID reference="id"/>
                        <AD_Field_UU>85b210bb-46fe-4e32-ac86-c069387d6acd</AD_Field_UU>
                        <IsAllowCopy/>
                        <IsDisplayedGrid>Y</IsDisplayedGrid>
                        <SeqNoGrid>40</SeqNoGrid>
                        <XPosition>1</XPosition>
                        <ColumnSpan>5</ColumnSpan>
                        <NumLines>3</NumLines>
                        <IsQuickEntry>N</IsQuickEntry>
                        <IsUpdateable/>
                        <IsAlwaysUpdateable/>
                        <MandatoryLogic/>
                        <ReadOnlyLogic/>
                        <IsToolbarButton/>
                        <IsDefaultFocus>N</IsDefaultFocus>
                        <IsAdvancedField>N</IsAdvancedField>
                        <VFormat/>
                        <AD_LabelStyle_ID reference="id"/>
                        <AD_FieldStyle_ID reference="id"/>
                        <Placeholder/>
                        <AD_Field_Trl type="translation">
                            <Help>Das Feld "Kommentar/Hilfe" enthält Hinweise, Kommentare oder Hilfestellungen zur Verwendung eines Artikels.</Help>
                            <Description>Kommentar oder Hinweis</Description>
                            <Name>Kommentar/Hilfe</Name>
                            <Placeholder/>
                            <AD_Language>de_DE</AD_Language>
                            <IsActive>Y</IsActive>
                            <IsTranslated>Y</IsTranslated>
                        </AD_Field_Trl>
                    </AD_Field>
                </AD_Tab>
            </AD_Window>
        </AD_Menu>
        <AD_Menu type="table">
            <Parent_ID reference="uuid" reference-key="AD_Menu">b0092c4a-bc30-471d-a83f-005dfa202ce7</Parent_ID>
            <SeqNo>3</SeqNo>
            <AD_Client_ID>0</AD_Client_ID>
            <AD_Org_ID>0</AD_Org_ID>
            <Name>Export GDPdU/GoBD Files</Name>
            <Description/>
            <Action>P</Action>
            <AD_Window_ID reference="id"/>
            <AD_Workflow_ID reference="id"/>
            <AD_Task_ID reference="id"/>
            <IsActive>Y</IsActive>
            <IsSummary>N</IsSummary>
            <AD_Process_ID reference="uuid" reference-key="AD_Process">dc8daec2-9f08-41c5-bffa-23e8618f48cf</AD_Process_ID>
            <IsSOTrx>N</IsSOTrx>
            <AD_Form_ID reference="id"/>
            <IsReadOnly>N</IsReadOnly>
            <EntityType>U</EntityType>
            <IsCentrallyMaintained>Y</IsCentrallyMaintained>
            <AD_Menu_UU>4cead721-a982-4855-977b-688960897565</AD_Menu_UU>
            <AD_InfoWindow_ID reference="id"/>
        </AD_Menu>
        <AD_Menu type="table">
            <Parent_ID reference="uuid" reference-key="AD_Menu">b0092c4a-bc30-471d-a83f-005dfa202ce7</Parent_ID>
            <SeqNo>0</SeqNo>
            <AD_Client_ID>0</AD_Client_ID>
            <AD_Org_ID>0</AD_Org_ID>
            <Name>Create Fields to Export</Name>
            <Description/>
            <Action>P</Action>
            <AD_Window_ID reference="id"/>
            <AD_Workflow_ID reference="id"/>
            <AD_Task_ID reference="id"/>
            <IsActive>Y</IsActive>
            <IsSummary>N</IsSummary>
            <AD_Process_ID reference="uuid" reference-key="AD_Process">eb34a218-9aec-4638-b2eb-18a13195f9ff</AD_Process_ID>
            <IsSOTrx>N</IsSOTrx>
            <AD_Form_ID reference="id"/>
            <IsReadOnly>N</IsReadOnly>
            <EntityType>U</EntityType>
            <IsCentrallyMaintained>Y</IsCentrallyMaintained>
            <AD_Menu_UU>ec600df7-477f-44d8-ae1f-81ae07d4b67c</AD_Menu_UU>
            <AD_InfoWindow_ID reference="id"/>
        </AD_Menu>
    </AD_Menu>
</idempiere>
