<?xml version="1.0" encoding="UTF-8"?><idempiere Name="GdpDu 1.0.4" Version="1.0.4" idempiereVersion="" DataBaseVersion="" Description="" Author="" AuthorEmail="d-ruiz@bxservice.vom" CreatedDate="2020-04-14 19:07:11.612" UpdatedDate="2020-04-14 19:12:28.661" PackOutVersion="100" UpdateDictionary="false" Client="0-SYSTEM-System" AD_Client_UU="11237b53-9592-4af1-b3c5-afd216514b5d">
    <AD_Field type="table">
        <AD_Client_ID>0</AD_Client_ID>
        <AD_Org_ID>0</AD_Org_ID>
        <Name>Table</Name>
        <Description>Database Table information</Description>
        <Help>The Database Table provides the information of the table definition</Help>
        <AD_Tab_ID reference="uuid" reference-key="AD_Tab">0701f403-78d1-4a6b-af84-7894892295e9</AD_Tab_ID>
        <AD_Column_ID reference="uuid" reference-key="AD_Column">16e3fb79-5c90-4f46-a2d2-9a18ec765cb0</AD_Column_ID>
        <IsDisplayed>Y</IsDisplayed>
        <DisplayLogic/>
        <DisplayLength>10</DisplayLength>
        <SeqNo>70</SeqNo>
        <SortNo/>
        <IsSameLine>N</IsSameLine>
        <IsHeading>N</IsHeading>
        <IsFieldOnly>N</IsFieldOnly>
        <IsEncrypted>N</IsEncrypted>
        <IsActive>Y</IsActive>
        <IsReadOnly>Y</IsReadOnly>
        <IsCentrallyMaintained>Y</IsCentrallyMaintained>
        <AD_FieldGroup_ID reference="id"/>
        <EntityType>U</EntityType>
        <ObscureType/>
        <AD_Reference_ID reference="id"/>
        <IsMandatory/>
        <DefaultValue>@1|AD_Table_ID@</DefaultValue>
        <AD_Reference_Value_ID reference="id"/>
        <AD_Val_Rule_ID reference="id"/>
        <Included_Tab_ID reference="id"/>
        <AD_Field_UU>9b172496-13c3-44d2-b81c-901a4db48e91</AD_Field_UU>
        <IsAllowCopy/>
        <IsDisplayedGrid>Y</IsDisplayedGrid>
        <SeqNoGrid>50</SeqNoGrid>
        <XPosition>1</XPosition>
        <ColumnSpan>2</ColumnSpan>
        <NumLines>1</NumLines>
        <IsQuickEntry>N</IsQuickEntry>
        <IsUpdateable/>
        <IsAlwaysUpdateable/>
        <MandatoryLogic/>
        <ReadOnlyLogic/>
        <IsToolbarButton/>
        <IsDefaultFocus>N</IsDefaultFocus>
        <IsAdvancedField>N</IsAdvancedField>
        <VFormat/>
        <AD_LabelStyle_ID reference="id"/>
        <AD_FieldStyle_ID reference="id"/>
        <Placeholder/>
        <AD_Field_Trl type="translation">
            <Help>Die Datenbanktabelle liefert die Informationen der Tabellendefinition</Help>
            <Description>Tabelle für die Felder</Description>
            <Name>Tabelle</Name>
            <Placeholder/>
            <AD_Language>de_DE</AD_Language>
            <IsActive>Y</IsActive>
            <IsTranslated>Y</IsTranslated>
        </AD_Field_Trl>
    </AD_Field>
</idempiere>
